"module name","Origin","licenses","copyright"
"@babel/code-frame@7.12.11","npm","MIT","Copyright (c) 2014-present Sebastian McKenzie and other contributors"
"@babel/code-frame@7.14.5","npm","MIT","Copyright (c) 2014-present Sebastian McKenzie and other contributors"
"@babel/compat-data@7.14.7","npm","MIT","Copyright (c) 2014-present Sebastian McKenzie and other contributors"
"@babel/core@7.14.6","npm","MIT","Copyright (c) 2014-present Sebastian McKenzie and other contributors"
"@babel/generator@7.14.5","npm","MIT","Copyright (c) 2014-present Sebastian McKenzie and other contributors"
"@babel/helper-compilation-targets@7.14.5","npm","MIT","Copyright (c) 2014-present Sebastian McKenzie and other contributors"
"@babel/helper-function-name@7.14.5","npm","MIT","Copyright (c) 2014-present Sebastian McKenzie and other contributors"
"@babel/helper-get-function-arity@7.14.5","npm","MIT","Copyright (c) 2014-present Sebastian McKenzie and other contributors"
"@babel/helper-hoist-variables@7.14.5","npm","MIT","Copyright (c) 2014-present Sebastian McKenzie and other contributors"
"@babel/helper-member-expression-to-functions@7.14.7","npm","MIT","Copyright (c) 2014-present Sebastian McKenzie and other contributors"
"@babel/helper-module-imports@7.14.5","npm","MIT","Copyright (c) 2014-present Sebastian McKenzie and other contributors"
"@babel/helper-module-transforms@7.14.5","npm","MIT","Copyright (c) 2014-present Sebastian McKenzie and other contributors"
"@babel/helper-optimise-call-expression@7.14.5","npm","MIT","Copyright (c) 2014-present Sebastian McKenzie and other contributors"
"@babel/helper-plugin-utils@7.14.5","npm","MIT","Copyright (c) 2014-present Sebastian McKenzie and other contributors"
"@babel/helper-replace-supers@7.14.5","npm","MIT","Copyright (c) 2014-present Sebastian McKenzie and other contributors"
"@babel/helper-simple-access@7.14.5","npm","MIT","Copyright (c) 2014-present Sebastian McKenzie and other contributors"
"@babel/helper-split-export-declaration@7.14.5","npm","MIT","Copyright (c) 2014-present Sebastian McKenzie and other contributors"
"@babel/helper-validator-identifier@7.14.5","npm","MIT","Copyright (c) 2014-present Sebastian McKenzie and other contributors"
"@babel/helper-validator-option@7.14.5","npm","MIT","Copyright (c) 2014-present Sebastian McKenzie and other contributors"
"@babel/helpers@7.14.6","npm","MIT","Copyright (c) 2014-present Sebastian McKenzie and other contributors"
"@babel/highlight@7.14.5","npm","MIT","Copyright (c) 2014-present Sebastian McKenzie and other contributors"
"@babel/parser@7.14.7","npm","MIT","Copyright (C) 2012-2014 by various contributors (see AUTHORS)"
"@babel/plugin-syntax-async-generators@7.8.4","npm","MIT","Copyright (c) 2014-present Sebastian McKenzie and other contributors"
"@babel/plugin-syntax-bigint@7.8.3","npm","MIT","Copyright (c) 2014-present Sebastian McKenzie and other contributors"
"@babel/plugin-syntax-class-properties@7.12.13","npm","MIT","Copyright (c) 2014-present Sebastian McKenzie and other contributors"
"@babel/plugin-syntax-import-meta@7.10.4","npm","MIT","Copyright (c) 2014-present Sebastian McKenzie and other contributors"
"@babel/plugin-syntax-json-strings@7.8.3","npm","MIT","Copyright (c) 2014-present Sebastian McKenzie and other contributors"
"@babel/plugin-syntax-logical-assignment-operators@7.10.4","npm","MIT","Copyright (c) 2014-present Sebastian McKenzie and other contributors"
"@babel/plugin-syntax-nullish-coalescing-operator@7.8.3","npm","MIT","Copyright (c) 2014-present Sebastian McKenzie and other contributors"
"@babel/plugin-syntax-numeric-separator@7.10.4","npm","MIT","Copyright (c) 2014-present Sebastian McKenzie and other contributors"
"@babel/plugin-syntax-object-rest-spread@7.8.3","npm","MIT","Copyright (c) 2014-present Sebastian McKenzie and other contributors"
"@babel/plugin-syntax-optional-catch-binding@7.8.3","npm","MIT","Copyright (c) 2014-present Sebastian McKenzie and other contributors"
"@babel/plugin-syntax-optional-chaining@7.8.3","npm","MIT","Copyright (c) 2014-present Sebastian McKenzie and other contributors"
"@babel/plugin-syntax-top-level-await@7.14.5","npm","MIT","Copyright (c) 2014-present Sebastian McKenzie and other contributors"
"@babel/plugin-syntax-typescript@7.14.5","npm","MIT","Copyright (c) 2014-present Sebastian McKenzie and other contributors"
"@babel/runtime-corejs3@7.14.7","npm","MIT","Copyright (c) 2014-present Sebastian McKenzie and other contributors"
"@babel/runtime@7.14.6","npm","MIT","Copyright (c) 2014-present Sebastian McKenzie and other contributors"
"@babel/template@7.14.5","npm","MIT","Copyright (c) 2014-present Sebastian McKenzie and other contributors"
"@babel/traverse@7.14.7","npm","MIT","Copyright (c) 2014-present Sebastian McKenzie and other contributors"
"@babel/types@7.14.5","npm","MIT","Copyright (c) 2014-present Sebastian McKenzie and other contributors"
"@bcoe/v8-coverage@0.2.3","npm","MIT","Copyright © 2015-2017 Charles Samborski"
"@datadog/browser-core@2.17.0","npm","Apache-2.0",""
"@datadog/browser-rum-core@2.17.0","npm","Apache-2.0",""
"@discoveryjs/json-ext@0.5.3","npm","MIT","Copyright (c) 2020 Roman Dvornov <rdvornov@gmail.com>"
"@eslint/eslintrc@0.3.0","npm","MIT","Copyright (c) 2020 ESLint"
"@istanbuljs/load-nyc-config@1.1.0","npm","ISC","Copyright (c) 2019, Contributors"
"@istanbuljs/schema@0.1.3","npm","MIT","Copyright (c) 2019 CFWare, LLC"
"@jest/console@27.0.6","npm","MIT","Copyright (c) Facebook, Inc. and its affiliates."
"@jest/core@27.0.6","npm","MIT","Copyright (c) Facebook, Inc. and its affiliates."
"@jest/environment@27.0.6","npm","MIT","Copyright (c) Facebook, Inc. and its affiliates."
"@jest/fake-timers@27.0.6","npm","MIT","Copyright (c) Facebook, Inc. and its affiliates."
"@jest/globals@27.0.6","npm","MIT","Copyright (c) Facebook, Inc. and its affiliates."
"@jest/reporters@27.0.6","npm","MIT","Copyright (c) Facebook, Inc. and its affiliates."
"@jest/source-map@27.0.6","npm","MIT","Copyright (c) Facebook, Inc. and its affiliates."
"@jest/test-result@27.0.6","npm","MIT","Copyright (c) Facebook, Inc. and its affiliates."
"@jest/test-sequencer@27.0.6","npm","MIT","Copyright (c) Facebook, Inc. and its affiliates."
"@jest/transform@27.0.6","npm","MIT","Copyright (c) Facebook, Inc. and its affiliates."
"@jest/types@26.6.2","npm","MIT","Copyright (c) Facebook, Inc. and its affiliates."
"@jest/types@27.0.6","npm","MIT","Copyright (c) Facebook, Inc. and its affiliates."
"@nodelib/fs.scandir@2.1.5","npm","MIT","Copyright (c) Denis Malinochkin"
"@nodelib/fs.stat@2.0.5","npm","MIT","Copyright (c) Denis Malinochkin"
"@nodelib/fs.walk@1.2.8","npm","MIT","Copyright (c) Denis Malinochkin"
"@sinonjs/commons@1.8.3","npm","BSD-3-Clause","Copyright (c) 2018, Sinon.JS. All rights reserved."
"@sinonjs/fake-timers@7.1.2","npm","BSD-3-Clause","Copyright (c) 2010-2014, Christian Johansen, christian@cjohansen.no. All rights reserved."
"@testing-library/dom@8.1.0","npm","MIT",""
"@testing-library/react-hooks@7.0.1","npm","MIT",""
"@testing-library/react@12.0.0","npm","MIT",""
"@tootallnate/once@1.1.2","npm","MIT",""
"@types/aria-query@4.2.2","npm","MIT",""
"@types/babel__core@7.1.15","npm","MIT",""
"@types/babel__generator@7.6.3","npm","MIT",""
"@types/babel__template@7.4.1","npm","MIT",""
"@types/babel__traverse@7.14.2","npm","MIT",""
"@types/eslint-scope@3.7.1","npm","MIT",""
"@types/eslint@7.28.0","npm","MIT",""
"@types/estree@0.0.46","npm","MIT",""
"@types/estree@0.0.50","npm","MIT",""
"@types/graceful-fs@4.1.5","npm","MIT",""
"@types/history@4.7.9","npm","MIT",""
"@types/istanbul-lib-coverage@2.0.3","npm","MIT",""
"@types/istanbul-lib-report@3.0.0","npm","MIT",""
"@types/istanbul-reports@3.0.1","npm","MIT",""
"@types/jest@26.0.24","npm","MIT",""
"@types/json-schema@7.0.8","npm","MIT",""
"@types/node@16.3.2","npm","MIT",""
"@types/pako@1.0.1","npm","MIT",""
"@types/prettier@2.3.2","npm","MIT",""
"@types/prop-types@15.7.4","npm","MIT",""
"@types/react-dom@16.9.14","npm","MIT",""
"@types/react-dom@17.0.9","npm","MIT",""
"@types/react-router-dom@5.1.8","npm","MIT",""
"@types/react-router@5.1.16","npm","MIT",""
"@types/react-test-renderer@17.0.1","npm","MIT",""
"@types/react@16.14.11","npm","MIT",""
"@types/scheduler@0.16.2","npm","MIT",""
"@types/stack-utils@2.0.1","npm","MIT",""
"@types/yargs-parser@20.2.1","npm","MIT",""
"@types/yargs@15.0.14","npm","MIT",""
"@types/yargs@16.0.4","npm","MIT",""
"@typescript-eslint/eslint-plugin@4.15.0","npm","MIT","Copyright (c) 2019 TypeScript ESLint and other contributors"
"@typescript-eslint/experimental-utils@4.15.0","npm","MIT","Copyright (c) 2019 TypeScript ESLint and other contributors"
"@typescript-eslint/parser@4.15.0","npm","BSD-2-Clause",""
"@typescript-eslint/scope-manager@4.15.0","npm","MIT","Copyright (c) 2019 TypeScript ESLint and other contributors"
"@typescript-eslint/types@4.15.0","npm","MIT","Copyright (c) 2019 TypeScript ESLint and other contributors"
"@typescript-eslint/typescript-estree@4.15.0","npm","BSD-2-Clause",""
"@typescript-eslint/visitor-keys@4.15.0","npm","MIT","Copyright (c) 2019 TypeScript ESLint and other contributors"
"@webassemblyjs/ast@1.11.0","npm","MIT","Copyright (c) 2018 Sven Sauleau <sven@sauleau.com>"
"@webassemblyjs/floating-point-hex-parser@1.11.0","npm","MIT","Copyright (c) 2017 Mauro Bringolf"
"@webassemblyjs/helper-api-error@1.11.0","npm","MIT","Copyright (c) 2018 Sven Sauleau <sven@sauleau.com>"
"@webassemblyjs/helper-buffer@1.11.0","npm","MIT","Copyright (c) 2018 Sven Sauleau <sven@sauleau.com>"
"@webassemblyjs/helper-numbers@1.11.0","npm","MIT","Copyright (c) 2018 Sven Sauleau <sven@sauleau.com>"
"@webassemblyjs/helper-wasm-bytecode@1.11.0","npm","MIT","Copyright (c) 2018 Sven Sauleau <sven@sauleau.com>"
"@webassemblyjs/helper-wasm-section@1.11.0","npm","MIT","Copyright (c) 2018 Sven Sauleau <sven@sauleau.com>"
"@webassemblyjs/ieee754@1.11.0","npm","MIT","Copyright (c) 2018 Sven Sauleau <sven@sauleau.com>"
"@webassemblyjs/leb128@1.11.0","npm","Apache-2.0","Copyright 2012 The Obvious Corporation.. http://obvious.com/"
"@webassemblyjs/utf8@1.11.0","npm","MIT","Copyright (c) 2018 Sven Sauleau <sven@sauleau.com>"
"@webassemblyjs/wasm-edit@1.11.0","npm","MIT","Copyright (c) 2018 Sven Sauleau <sven@sauleau.com>"
"@webassemblyjs/wasm-gen@1.11.0","npm","MIT","Copyright (c) 2018 Sven Sauleau <sven@sauleau.com>"
"@webassemblyjs/wasm-opt@1.11.0","npm","MIT","Copyright (c) 2018 Sven Sauleau <sven@sauleau.com>"
"@webassemblyjs/wasm-parser@1.11.0","npm","MIT","Copyright (c) 2018 Sven Sauleau <sven@sauleau.com>"
"@webassemblyjs/wast-printer@1.11.0","npm","MIT","Copyright (c) 2018 Sven Sauleau <sven@sauleau.com>"
"@webpack-cli/configtest@1.0.4","npm","MIT","Copyright JS Foundation and other contributors"
"@webpack-cli/info@1.3.0","npm","MIT","Copyright JS Foundation and other contributors"
"@webpack-cli/serve@1.5.1","npm","MIT","Copyright JS Foundation and other contributors"
"@xtuc/ieee754@1.2.0","npm","BSD-3-Clause","Copyright (c) 2008, Fair Oaks Labs, Inc.. All rights reserved."
"@xtuc/long@4.2.2","npm","Apache-2.0",""
"abab@2.0.5","npm","BSD-3-Clause","Copyright © 2019 W3C and Jeff Carpenter \<jeffcarp@chromium.org\>"
"acorn-globals@6.0.0","npm","MIT","Copyright (c) 2014 Forbes Lindesay"
"acorn-jsx@5.3.2","npm","MIT","Copyright (C) 2012-2017 by Ingvar Stepanyan"
"acorn-walk@7.2.0","npm","MIT","Copyright (C) 2012-2018 by various contributors (see AUTHORS)"
"acorn@7.4.1","npm","MIT","Copyright (C) 2012-2018 by various contributors (see AUTHORS)"
"acorn@8.4.1","npm","MIT","Copyright (C) 2012-2020 by various contributors (see AUTHORS)"
"agent-base@6.0.2","npm","MIT","Copyright (c) 2013 Nathan Rajlich &lt;nathan@tootallnate.net&gt;"
"ajv-keywords@3.5.2","npm","MIT","Copyright (c) 2016 Evgeny Poberezkin"
"ajv@6.12.6","npm","MIT","Copyright (c) 2015-2017 Evgeny Poberezkin"
"ajv@8.6.2","npm","MIT","Copyright (c) 2015-2021 Evgeny Poberezkin"
"ansi-colors@4.1.1","npm","MIT","Copyright (c) 2015-present, Brian Woodward."
"ansi-escapes@4.3.2","npm","MIT","Copyright (c) Sindre Sorhus <sindresorhus@gmail.com> (https://sindresorhus.com)"
"ansi-regex@5.0.0","npm","MIT","Copyright (c) Sindre Sorhus <sindresorhus@gmail.com> (sindresorhus.com)"
"ansi-styles@3.2.1","npm","MIT","Copyright (c) Sindre Sorhus <sindresorhus@gmail.com> (sindresorhus.com)"
"ansi-styles@4.3.0","npm","MIT","Copyright (c) Sindre Sorhus <sindresorhus@gmail.com> (sindresorhus.com)"
"ansi-styles@5.2.0","npm","MIT","Copyright (c) Sindre Sorhus <sindresorhus@gmail.com> (sindresorhus.com)"
"anymatch@3.1.2","npm","ISC","Copyright (c) 2019 Elan Shanker, Paul Miller (https://paulmillr.com)"
"argparse@1.0.10","npm","MIT","Copyright (C) 2012 by Vitaly Puzrin"
"aria-query@4.2.2","npm","Apache-2.0","Copyright 2020 A11yance"
"array-union@2.1.0","npm","MIT","Copyright (c) Sindre Sorhus <sindresorhus@gmail.com> (sindresorhus.com)"
"astral-regex@2.0.0","npm","MIT","Copyright (c) Kevin Mårtensson <kevinmartensson@gmail.com> (github.com/kevva)"
"asynckit@0.4.0","npm","MIT","Copyright (c) 2016 Alex Indigo"
"babel-jest@27.0.6","npm","MIT","Copyright (c) Facebook, Inc. and its affiliates."
"babel-plugin-istanbul@6.0.0","npm","BSD-3-Clause","Copyright (c) 2016, Istanbul Code Coverage. All rights reserved."
"babel-plugin-jest-hoist@27.0.6","npm","MIT","Copyright (c) Facebook, Inc. and its affiliates."
"babel-preset-current-node-syntax@1.0.1","npm","MIT","Copyright (c) 2020 Nicolò Ribaudo and other contributors"
"babel-preset-jest@27.0.6","npm","MIT","Copyright (c) Facebook, Inc. and its affiliates."
"balanced-match@1.0.2","npm","MIT","Copyright (c) 2013 Julian Gruber &lt;julian@juliangruber.com&gt;"
"big.js@5.2.2","npm","MIT","Copyright (c) 2018 Michael Mclaughlin"
"brace-expansion@1.1.11","npm","MIT","Copyright (c) 2013 Julian Gruber <julian@juliangruber.com>"
"braces@3.0.2","npm","MIT","Copyright (c) 2014-2018, Jon Schlinkert."
"browser-process-hrtime@1.0.0","npm","BSD-2-Clause","Copyright 2014 kumavis"
"browserslist@4.16.6","npm","MIT","Copyright 2014 Andrey Sitnik <andrey@sitnik.ru> and other contributors"
"bs-logger@0.2.6","npm","MIT","Copyright (c) 2018 Huafu Gandon"
"bser@2.1.1","npm","Apache-2.0",""
"buffer-from@1.1.1","npm","MIT","Copyright (c) 2016, 2018 Linus Unnebäck"
"call-bind@1.0.2","npm","MIT","Copyright (c) 2020 Jordan Harband"
"callsites@3.1.0","npm","MIT","Copyright (c) Sindre Sorhus <sindresorhus@gmail.com> (sindresorhus.com)"
"camelcase@5.3.1","npm","MIT","Copyright (c) Sindre Sorhus <sindresorhus@gmail.com> (sindresorhus.com)"
"camelcase@6.2.0","npm","MIT","Copyright (c) Sindre Sorhus <sindresorhus@gmail.com> (https://sindresorhus.com)"
"caniuse-lite@1.0.30001245","npm","CC-BY-4.0",""
"chalk@2.4.2","npm","MIT","Copyright (c) Sindre Sorhus <sindresorhus@gmail.com> (sindresorhus.com)"
"chalk@4.1.1","npm","MIT","Copyright (c) Sindre Sorhus <sindresorhus@gmail.com> (sindresorhus.com)"
"char-regex@1.0.2","npm","MIT","Copyright (c) 2019 Richie Bendall"
"chrome-trace-event@1.0.3","npm","MIT","Copyright (c) 2015 Joyent Inc. All rights reserved."
"ci-info@3.2.0","npm","MIT","Copyright (c) 2016-2021 Thomas Watson Steen"
"cjs-module-lexer@1.2.2","npm","MIT","Copyright (C) 2018-2020 Guy Bedford"
"cliui@7.0.4","npm","ISC","Copyright (c) 2015, Contributors"
"clone-deep@4.0.1","npm","MIT","Copyright (c) 2014-2018, Jon Schlinkert."
"co@4.6.0","npm","MIT","Copyright (c) 2014 TJ Holowaychuk &lt;tj@vision-media.ca&gt;"
"collect-v8-coverage@1.0.1","npm","MIT","Copyright (c) 2019 Simen Bekkhus"
"color-convert@1.9.3","npm","MIT","Copyright (c) 2011-2016 Heather Arthur <fayearthur@gmail.com>"
"color-convert@2.0.1","npm","MIT","Copyright (c) 2011-2016 Heather Arthur <fayearthur@gmail.com>"
"color-name@1.1.3","npm","MIT",""
"color-name@1.1.4","npm","MIT",""
"colorette@1.2.2","npm","MIT","Copyright © Jorge Bucaran <<https://jorgebucaran.com>>"
"combined-stream@1.0.8","npm","MIT","Copyright (c) 2011 Debuggable Limited <felix@debuggable.com>"
"commander@2.20.3","npm","MIT","Copyright (c) 2011 TJ Holowaychuk <tj@vision-media.ca>"
"commander@7.2.0","npm","MIT","Copyright (c) 2011 TJ Holowaychuk <tj@vision-media.ca>"
"concat-map@0.0.1","npm","MIT",""
"convert-source-map@1.8.0","npm","MIT","Copyright 2013 Thorsten Lorenz. . All rights reserved."
"core-js-pure@3.15.2","npm","MIT","Copyright (c) 2014-2021 Denis Pushkarev"
"core-util-is@1.0.2","npm","MIT","Copyright Node.js contributors. All rights reserved."
"cross-spawn@6.0.5","npm","MIT","Copyright (c) 2018 Made With MOXY Lda <hello@moxy.studio>"
"cross-spawn@7.0.3","npm","MIT","Copyright (c) 2018 Made With MOXY Lda <hello@moxy.studio>"
"cssom@0.3.8","npm","MIT","Copyright (c) Nikita Vasilyev"
"cssom@0.4.4","npm","MIT","Copyright (c) Nikita Vasilyev"
"cssstyle@2.3.0","npm","MIT","Copyright (c) Chad Walker"
"csstype@3.0.8","npm","MIT","Copyright (c) 2017-2018 Fredrik Nicol"
"data-urls@2.0.0","npm","MIT","Copyright © 2017–2020 Domenic Denicola <d@domenic.me>"
"debug@4.3.2","npm","MIT","Copyright (c) 2014 TJ Holowaychuk <tj@vision-media.ca>"
"decimal.js@10.3.1","npm","MIT","Copyright (c) 2021 Michael Mclaughlin"
"dedent@0.7.0","npm","MIT","Copyright (c) 2015 Desmond Brand (dmnd@desmondbrand.com)"
"deep-is@0.1.3","npm","MIT","Copyright (c) 2012, 2013 Thorsten Lorenz <thlorenz@gmx.de>. Copyright (c) 2012 James Halliday <mail@substack.net>. Copyright (c) 2009 Thomas Robinson <280north.com>"
"deepmerge@4.2.2","npm","MIT","Copyright (c) 2012 James Halliday, Josh Duff, and other contributors"
"define-properties@1.1.3","npm","MIT","Copyright (C) 2015 Jordan Harband"
"delayed-stream@1.0.0","npm","MIT","Copyright (c) 2011 Debuggable Limited <felix@debuggable.com>"
"detect-newline@3.1.0","npm","MIT","Copyright (c) Sindre Sorhus <sindresorhus@gmail.com> (sindresorhus.com)"
"diff-sequences@26.6.2","npm","MIT","Copyright (c) Facebook, Inc. and its affiliates."
"diff-sequences@27.0.6","npm","MIT","Copyright (c) Facebook, Inc. and its affiliates."
"dir-glob@3.0.1","npm","MIT","Copyright (c) Kevin Mårtensson <kevinmartensson@gmail.com> (github.com/kevva)"
"doctrine@3.0.0","npm","Apache-2.0",""
"dom-accessibility-api@0.5.6","npm","MIT","Copyright (c) 2020 Sebastian Silbermann"
"domexception@2.0.1","npm","MIT","Copyright © 2017 Domenic Denicola"
"electron-to-chromium@1.3.778","npm","ISC","Copyright 2018 Kilian Valkhof"
"emittery@0.8.1","npm","MIT","Copyright (c) Sindre Sorhus <sindresorhus@gmail.com> (https://sindresorhus.com)"
"emoji-regex@8.0.0","npm","MIT","Copyright Mathias Bynens <https://mathiasbynens.be/>"
"emojis-list@3.0.0","npm","MIT","Copyright © 2015 Kiko Beats"
"enhanced-resolve@4.5.0","npm","MIT","Copyright JS Foundation and other contributors"
"enhanced-resolve@5.8.2","npm","MIT","Copyright JS Foundation and other contributors"
"enquirer@2.3.6","npm","MIT","Copyright (c) 2016-present, Jon Schlinkert."
"envinfo@7.8.1","npm","MIT","Copyright (c) 2018 Trevor Brindle"
"errno@0.1.8","npm","MIT",""
"error-ex@1.3.2","npm","MIT","Copyright (c) 2015 JD Ballard"
"es-abstract@1.18.3","npm","MIT","Copyright (C) 2015 Jordan Harband"
"es-module-lexer@0.4.1","npm","MIT","Copyright (C) 2018-2019 Guy Bedford"
"es-to-primitive@1.2.1","npm","MIT","Copyright (c) 2015 Jordan Harband"
"escalade@3.1.1","npm","MIT","Copyright (c) Luke Edwards <luke.edwards05@gmail.com> (lukeed.com)"
"escape-string-regexp@1.0.5","npm","MIT","Copyright (c) Sindre Sorhus <sindresorhus@gmail.com> (sindresorhus.com)"
"escape-string-regexp@2.0.0","npm","MIT","Copyright (c) Sindre Sorhus <sindresorhus@gmail.com> (sindresorhus.com)"
"escodegen@2.0.0","npm","BSD-2-Clause","Copyright (C) 2012 Yusuke Suzuki (twitter: @Constellation) and other contributors."
"eslint-config-prettier@7.2.0","npm","MIT","Copyright (c) 2017, 2018, 2019, 2020, 2021 Simon Lydell and contributors"
"eslint-scope@5.1.1","npm","BSD-2-Clause","Copyright JS Foundation and other contributors, https://js.foundation. Copyright (C) 2012-2013 Yusuke Suzuki (twitter: @Constellation) and other contributors."
"eslint-utils@2.1.0","npm","MIT","Copyright (c) 2018 Toru Nagashima"
"eslint-visitor-keys@1.3.0","npm","Apache-2.0",""
"eslint-visitor-keys@2.1.0","npm","Apache-2.0",""
"eslint@7.20.0","npm","MIT","Copyright JS Foundation and other contributors, https://js.foundation"
"espree@7.3.1","npm","BSD-2-Clause","Copyright (c) Open JS Foundation. All rights reserved."
"esprima@4.0.1","npm","BSD-2-Clause","Copyright JS Foundation and other contributors, https://js.foundation/"
"esquery@1.4.0","npm","BSD-3-Clause","Copyright (c) 2013, Joel Feenstra. All rights reserved."
"esrecurse@4.3.0","npm","BSD-2-Clause","Copyright (C) 2014 [Yusuke Suzuki](https://github.com/Constellation).  (twitter: [@Constellation](https://twitter.com/Constellation)) and other contributors."
"estraverse@4.3.0","npm","BSD-2-Clause",""
"estraverse@5.2.0","npm","BSD-2-Clause",""
"esutils@2.0.3","npm","BSD-2-Clause",""
"events@3.3.0","npm","MIT","Copyright Joyent, Inc. and other Node contributors."
"execa@5.1.1","npm","MIT","Copyright (c) Sindre Sorhus <sindresorhus@gmail.com> (https://sindresorhus.com)"
"exit@0.1.2","npm","MIT","Copyright (c) 2013 "Cowboy" Ben Alman"
"expect@27.0.6","npm","MIT","Copyright (c) Facebook, Inc. and its affiliates."
"fast-deep-equal@3.1.3","npm","MIT","Copyright (c) 2017 Evgeny Poberezkin"
"fast-glob@3.2.7","npm","MIT","Copyright (c) Denis Malinochkin"
"fast-json-stable-stringify@2.1.0","npm","MIT","Copyright (c) 2017 Evgeny Poberezkin. Copyright (c) 2013 James Halliday"
"fast-levenshtein@2.0.6","npm","MIT","Copyright (c) 2013 [Ramesh Nair](http://www.hiddentao.com/)"
"fastest-levenshtein@1.0.12","npm","MIT","Copyright (c) 2020 Kasper Unn Weihe"
"fastq@1.11.1","npm","ISC","Copyright (c) 2015-2020, Matteo Collina <matteo.collina@gmail.com>"
"fb-watchman@2.0.1","npm","Apache-2.0",""
"file-entry-cache@6.0.1","npm","MIT","Copyright (c) 2015 Roy Riojas"
"fill-range@7.0.1","npm","MIT","Copyright (c) 2014-present, Jon Schlinkert."
"find-up@4.1.0","npm","MIT","Copyright (c) Sindre Sorhus <sindresorhus@gmail.com> (sindresorhus.com)"
"flat-cache@3.0.4","npm","MIT","Copyright (c) 2015 Roy Riojas"
"flatted@3.2.1","npm","ISC","Copyright (c) 2018-2020, Andrea Giammarchi, @WebReflection"
"form-data@3.0.1","npm","MIT","Copyright (c) 2012 Felix Geisendörfer (felix@debuggable.com) and contributors"
"fs.realpath@1.0.0","npm","ISC","Copyright (c) Isaac Z. Schlueter and Contributors"
"fsevents@2.3.2","npm","MIT","Copyright (C) 2010-2020 by Philipp Dunkel, Ben Noordhuis, Elan Shankar, Paul Miller"
"function-bind@1.1.1","npm","MIT","Copyright (c) 2013 Raynos."
"functional-red-black-tree@1.0.1","npm","MIT","Copyright (c) 2013 Mikola Lysenko"
"gensync@1.0.0-beta.2","npm","MIT","Copyright 2018 Logan Smyth <loganfsmyth@gmail.com>"
"get-caller-file@2.0.5","npm","ISC",""
"get-intrinsic@1.1.1","npm","MIT","Copyright (c) 2020 Jordan Harband"
"get-package-type@0.1.0","npm","MIT","Copyright (c) 2020 CFWare, LLC"
"get-stream@6.0.1","npm","MIT","Copyright (c) Sindre Sorhus <sindresorhus@gmail.com> (https://sindresorhus.com)"
"glob-parent@5.1.2","npm","ISC","Copyright (c) 2015, 2019 Elan Shanker"
"glob-to-regexp@0.4.1","npm","BSD-2-Clause","Copyright (c) 2013, Nick Fitzgerald"
"glob@7.1.7","npm","ISC","Copyright (c) Isaac Z. Schlueter and Contributors"
"globals@11.12.0","npm","MIT","Copyright (c) Sindre Sorhus <sindresorhus@gmail.com> (sindresorhus.com)"
"globals@12.4.0","npm","MIT","Copyright (c) Sindre Sorhus <sindresorhus@gmail.com> (https://sindresorhus.com)"
"globby@11.0.4","npm","MIT","Copyright (c) Sindre Sorhus <sindresorhus@gmail.com> (sindresorhus.com)"
"graceful-fs@4.2.6","npm","ISC","Copyright (c) Isaac Z. Schlueter, Ben Noordhuis, and Contributors"
"has-bigints@1.0.1","npm","MIT","Copyright (c) 2019 Jordan Harband"
"has-flag@3.0.0","npm","MIT","Copyright (c) Sindre Sorhus <sindresorhus@gmail.com> (sindresorhus.com)"
"has-flag@4.0.0","npm","MIT","Copyright (c) Sindre Sorhus <sindresorhus@gmail.com> (sindresorhus.com)"
"has-symbols@1.0.2","npm","MIT","Copyright (c) 2016 Jordan Harband"
"has@1.0.3","npm","MIT","Copyright (c) 2013 Thiago de Arruda"
"history@4.10.1","npm","MIT","Copyright (c) React Training 2016-2018"
"hosted-git-info@2.8.9","npm","ISC","Copyright (c) 2015, Rebecca Turner"
"html-encoding-sniffer@2.0.1","npm","MIT","Copyright © 2016–2020 Domenic Denicola <d@domenic.me>"
"html-escaper@2.0.2","npm","MIT","Copyright (C) 2017-present by Andrea Giammarchi - @WebReflection"
"http-proxy-agent@4.0.1","npm","MIT","Copyright (c) 2013 Nathan Rajlich &lt;nathan@tootallnate.net&gt;"
"https-proxy-agent@5.0.0","npm","MIT","Copyright (c) 2013 Nathan Rajlich &lt;nathan@tootallnate.net&gt;"
"human-signals@2.1.0","npm","Apache-2.0",""
"iconv-lite@0.4.24","npm","MIT","Copyright (c) 2011 Alexander Shtuchkin"
"ignore@4.0.6","npm","MIT","Copyright (c) 2013 Kael Zhang <i@kael.me>, contributors. http://kael.me/"
"ignore@5.1.8","npm","MIT","Copyright (c) 2013 Kael Zhang <i@kael.me>, contributors. http://kael.me/"
"import-fresh@3.3.0","npm","MIT","Copyright (c) Sindre Sorhus <sindresorhus@gmail.com> (https://sindresorhus.com)"
"import-local@3.0.2","npm","MIT","Copyright (c) Sindre Sorhus <sindresorhus@gmail.com> (sindresorhus.com)"
"imurmurhash@0.1.4","npm","MIT",""
"inflight@1.0.6","npm","ISC","Copyright (c) Isaac Z. Schlueter"
"inherits@2.0.4","npm","ISC","Copyright (c) Isaac Z. Schlueter"
"interpret@2.2.0","npm","MIT","Copyright (c) 2014-2018 Tyler Kellen <tyler@sleekcode.net>, Blaine Bublitz <blaine.bublitz@gmail.com>, and Eric Schoffstall <yo@contra.io>"
"is-arrayish@0.2.1","npm","MIT","Copyright (c) 2015 JD Ballard"
"is-bigint@1.0.2","npm","MIT","Copyright (c) 2018 Jordan Harband"
"is-boolean-object@1.1.1","npm","MIT","Copyright (c) 2015 Jordan Harband"
"is-callable@1.2.3","npm","MIT","Copyright (c) 2015 Jordan Harband"
"is-ci@3.0.0","npm","MIT","Copyright (c) 2016-2021 Thomas Watson Steen"
"is-core-module@2.5.0","npm","MIT","Copyright (c) 2014 Dave Justice"
"is-date-object@1.0.4","npm","MIT","Copyright (c) 2015 Jordan Harband"
"is-extglob@2.1.1","npm","MIT","Copyright (c) 2014-2016, Jon Schlinkert"
"is-fullwidth-code-point@3.0.0","npm","MIT","Copyright (c) Sindre Sorhus <sindresorhus@gmail.com> (sindresorhus.com)"
"is-generator-fn@2.1.0","npm","MIT","Copyright (c) Sindre Sorhus <sindresorhus@gmail.com> (sindresorhus.com)"
"is-glob@4.0.1","npm","MIT","Copyright (c) 2014-2017, Jon Schlinkert."
"is-negative-zero@2.0.1","npm","MIT","Copyright (c) 2014 Jordan Harband"
"is-number-object@1.0.5","npm","MIT","Copyright (c) 2015 Jordan Harband"
"is-number@7.0.0","npm","MIT","Copyright (c) 2014-present, Jon Schlinkert."
"is-plain-object@2.0.4","npm","MIT","Copyright (c) 2014-2017, Jon Schlinkert."
"is-potential-custom-element-name@1.0.1","npm","MIT","Copyright Mathias Bynens <https://mathiasbynens.be/>"
"is-regex@1.1.3","npm","MIT","Copyright (c) 2014 Jordan Harband"
"is-stream@2.0.0","npm","MIT","Copyright (c) Sindre Sorhus <sindresorhus@gmail.com> (sindresorhus.com)"
"is-string@1.0.6","npm","MIT","Copyright (c) 2015 Jordan Harband"
"is-symbol@1.0.4","npm","MIT","Copyright (c) 2015 Jordan Harband"
"is-typedarray@1.0.0","npm","MIT",""
"isarray@1.0.0","npm","MIT","Copyright (c) 2013 Julian Gruber &lt;julian@juliangruber.com&gt;"
"isexe@2.0.0","npm","ISC","Copyright (c) Isaac Z. Schlueter and Contributors"
"isobject@3.0.1","npm","MIT","Copyright (c) 2014-2017, Jon Schlinkert."
"istanbul-lib-coverage@3.0.0","npm","BSD-3-Clause","Copyright 2012-2015 Yahoo! Inc.. All rights reserved."
"istanbul-lib-instrument@4.0.3","npm","BSD-3-Clause","Copyright 2012-2015 Yahoo! Inc.. All rights reserved."
"istanbul-lib-report@3.0.0","npm","BSD-3-Clause","Copyright 2012-2015 Yahoo! Inc.. All rights reserved."
"istanbul-lib-source-maps@4.0.0","npm","BSD-3-Clause","Copyright 2015 Yahoo! Inc.. All rights reserved."
"istanbul-reports@3.0.2","npm","BSD-3-Clause","Copyright 2012-2015 Yahoo! Inc.. All rights reserved."
"jest-changed-files@27.0.6","npm","MIT","Copyright (c) Facebook, Inc. and its affiliates."
"jest-circus@27.0.6","npm","MIT","Copyright (c) Facebook, Inc. and its affiliates."
"jest-cli@27.0.6","npm","MIT","Copyright (c) Facebook, Inc. and its affiliates."
"jest-config@27.0.6","npm","MIT","Copyright (c) Facebook, Inc. and its affiliates."
"jest-diff@26.6.2","npm","MIT","Copyright (c) Facebook, Inc. and its affiliates."
"jest-diff@27.0.6","npm","MIT","Copyright (c) Facebook, Inc. and its affiliates."
"jest-docblock@27.0.6","npm","MIT","Copyright (c) Facebook, Inc. and its affiliates."
"jest-each@27.0.6","npm","MIT","Copyright (c) Facebook, Inc. and its affiliates."
"jest-environment-jsdom@27.0.6","npm","MIT","Copyright (c) Facebook, Inc. and its affiliates."
"jest-environment-node@27.0.6","npm","MIT","Copyright (c) Facebook, Inc. and its affiliates."
"jest-get-type@26.3.0","npm","MIT","Copyright (c) Facebook, Inc. and its affiliates."
"jest-get-type@27.0.6","npm","MIT","Copyright (c) Facebook, Inc. and its affiliates."
"jest-haste-map@27.0.6","npm","MIT","Copyright (c) Facebook, Inc. and its affiliates."
"jest-jasmine2@27.0.6","npm","MIT","Copyright (c) Facebook, Inc. and its affiliates."
"jest-leak-detector@27.0.6","npm","MIT","Copyright (c) Facebook, Inc. and its affiliates."
"jest-matcher-utils@27.0.6","npm","MIT","Copyright (c) Facebook, Inc. and its affiliates."
"jest-message-util@27.0.6","npm","MIT","Copyright (c) Facebook, Inc. and its affiliates."
"jest-mock@27.0.6","npm","MIT","Copyright (c) Facebook, Inc. and its affiliates."
"jest-pnp-resolver@1.2.2","npm","MIT",""
"jest-regex-util@27.0.6","npm","MIT","Copyright (c) Facebook, Inc. and its affiliates."
"jest-resolve-dependencies@27.0.6","npm","MIT","Copyright (c) Facebook, Inc. and its affiliates."
"jest-resolve@27.0.6","npm","MIT","Copyright (c) Facebook, Inc. and its affiliates."
"jest-runner@27.0.6","npm","MIT","Copyright (c) Facebook, Inc. and its affiliates."
"jest-runtime@27.0.6","npm","MIT","Copyright (c) Facebook, Inc. and its affiliates."
"jest-serializer@27.0.6","npm","MIT","Copyright (c) Facebook, Inc. and its affiliates."
"jest-snapshot@27.0.6","npm","MIT","Copyright (c) Facebook, Inc. and its affiliates."
"jest-util@27.0.6","npm","MIT","Copyright (c) Facebook, Inc. and its affiliates."
"jest-validate@27.0.6","npm","MIT","Copyright (c) Facebook, Inc. and its affiliates."
"jest-watcher@27.0.6","npm","MIT","Copyright (c) Facebook, Inc. and its affiliates."
"jest-worker@27.0.6","npm","MIT","Copyright (c) Facebook, Inc. and its affiliates."
"jest@27.0.6","npm","MIT","Copyright (c) Facebook, Inc. and its affiliates."
"js-tokens@4.0.0","npm","MIT","Copyright (c) 2014, 2015, 2016, 2017, 2018 Simon Lydell"
"js-yaml@3.14.1","npm","MIT","Copyright (C) 2011-2015 by Vitaly Puzrin"
"jsdom@16.6.0","npm","MIT","Copyright (c) 2010 Elijah Insua"
"jsesc@2.5.2","npm","MIT","Copyright Mathias Bynens <https://mathiasbynens.be/>"
"json-parse-better-errors@1.0.2","npm","MIT","Copyright 2017 Kat Marchán"
"json-schema-traverse@0.4.1","npm","MIT","Copyright (c) 2017 Evgeny Poberezkin"
"json-schema-traverse@1.0.0","npm","MIT","Copyright (c) 2017 Evgeny Poberezkin"
"json-stable-stringify-without-jsonify@1.0.1","npm","MIT",""
"json5@2.2.0","npm","MIT","Copyright (c) 2012-2018 Aseem Kishore, and [others]."
"kind-of@6.0.3","npm","MIT","Copyright (c) 2014-2017, Jon Schlinkert."
"kleur@3.0.3","npm","MIT","Copyright (c) Luke Edwards <luke.edwards05@gmail.com> (lukeed.com)"
"leven@3.1.0","npm","MIT","Copyright (c) Sindre Sorhus <sindresorhus@gmail.com> (sindresorhus.com)"
"levn@0.3.0","npm","MIT","Copyright (c) George Zahariev"
"levn@0.4.1","npm","MIT","Copyright (c) George Zahariev"
"load-json-file@4.0.0","npm","MIT","Copyright (c) Sindre Sorhus <sindresorhus@gmail.com> (sindresorhus.com)"
"loader-runner@4.2.0","npm","MIT","Copyright (c) Tobias Koppers @sokra"
"loader-utils@2.0.0","npm","MIT","Copyright JS Foundation and other contributors"
"locate-path@5.0.0","npm","MIT","Copyright (c) Sindre Sorhus <sindresorhus@gmail.com> (sindresorhus.com)"
"lodash.clonedeep@4.5.0","npm","MIT","Copyright jQuery Foundation and other contributors <https://jquery.org/>"
"lodash.truncate@4.4.2","npm","MIT","Copyright jQuery Foundation and other contributors <https://jquery.org/>"
"lodash@4.17.21","npm","MIT","Copyright OpenJS Foundation and other contributors <https://openjsf.org/>"
"loose-envify@1.4.0","npm","MIT","Copyright (c) 2015 Andres Suarez <zertosh@gmail.com>"
"lru-cache@6.0.0","npm","ISC","Copyright (c) Isaac Z. Schlueter and Contributors"
"lz-string@1.4.4","npm","WTFPL",""
"make-dir@3.1.0","npm","MIT","Copyright (c) Sindre Sorhus <sindresorhus@gmail.com> (sindresorhus.com)"
"make-error@1.3.6","npm","ISC","Copyright 2014 Julien Fontanet"
"makeerror@1.0.11","npm","BSD-3-Clause","Copyright (c) 2014, Naitik Shah. All rights reserved."
"memory-fs@0.5.0","npm","MIT","Copyright JS Foundation and other contributors"
"memorystream@0.3.1","npm","MIT","Copyright (C) 2011 Dmitry Nizovtsev"
"merge-stream@2.0.0","npm","MIT","Copyright (c) Stephen Sugden <me@stephensugden.com> (stephensugden.com)"
"merge2@1.4.1","npm","MIT","Copyright (c) 2014-2020 Teambition"
"micromatch@4.0.4","npm","MIT","Copyright (c) 2014-present, Jon Schlinkert."
"mime-db@1.48.0","npm","MIT","Copyright (c) 2014 Jonathan Ong me@jongleberry.com"
"mime-types@2.1.31","npm","MIT","Copyright (c) 2014 Jonathan Ong <me@jongleberry.com>. Copyright (c) 2015 Douglas Christopher Wilson <doug@somethingdoug.com>"
"mimic-fn@2.1.0","npm","MIT","Copyright (c) Sindre Sorhus <sindresorhus@gmail.com> (sindresorhus.com)"
"minimatch@3.0.4","npm","ISC","Copyright (c) Isaac Z. Schlueter and Contributors"
"minimist@1.2.5","npm","MIT",""
"mkdirp@1.0.4","npm","MIT","Copyright James Halliday (mail@substack.net) and Isaac Z. Schlueter (i@izs.me)"
"ms@2.1.2","npm","MIT","Copyright (c) 2016 Zeit, Inc."
"natural-compare@1.4.0","npm","MIT","Copyright (c) 2012-2015 Lauri Rooden &lt;lauri@rooden.ee&gt;  . [The MIT License](http://lauri.rooden.ee/mit-license.txt)"
"neo-async@2.6.2","npm","MIT","Copyright (c) 2014-2018 Suguru Motegi. Based on Async.js, Copyright Caolan McMahon"
"nice-try@1.0.5","npm","MIT","Copyright (c) 2018 Tobias Reich"
"node-int64@0.4.0","npm","MIT","Copyright (c) 2014 Robert Kieffer"
"node-modules-regexp@1.0.0","npm","MIT","Copyright (c) James Talmage <james@talmage.io> (github.com/jamestalmage)"
"node-releases@1.1.73","npm","MIT","Copyright (c) 2017 Sergey Rubanov (https://github.com/chicoxyzzy)"
"normalize-package-data@2.5.0","npm","BSD-2-Clause","Copyright (c) Meryn Stol ("Author"). All rights reserved."
"normalize-path@3.0.0","npm","MIT","Copyright (c) 2014-2018, Jon Schlinkert."
"npm-run-all@4.1.5","npm","MIT","Copyright (c) 2015 Toru Nagashima"
"npm-run-path@4.0.1","npm","MIT","Copyright (c) Sindre Sorhus <sindresorhus@gmail.com> (sindresorhus.com)"
"nwsapi@2.2.0","npm","MIT","Copyright (c) 2007-2019 Diego Perini (http://www.iport.it/)"
"object-assign@4.1.1","npm","MIT","Copyright (c) Sindre Sorhus <sindresorhus@gmail.com> (sindresorhus.com)"
"object-inspect@1.11.0","npm","MIT","Copyright (c) 2013 James Halliday"
"object-keys@1.1.1","npm","MIT","Copyright (C) 2013 Jordan Harband"
"object.assign@4.1.2","npm","MIT","Copyright (c) 2014 Jordan Harband"
"once@1.4.0","npm","ISC","Copyright (c) Isaac Z. Schlueter and Contributors"
"onetime@5.1.2","npm","MIT","Copyright (c) Sindre Sorhus <sindresorhus@gmail.com> (https://sindresorhus.com)"
"optionator@0.8.3","npm","MIT","Copyright (c) George Zahariev"
"optionator@0.9.1","npm","MIT","Copyright (c) George Zahariev"
"p-each-series@2.2.0","npm","MIT","Copyright (c) Sindre Sorhus <sindresorhus@gmail.com> (https://sindresorhus.com)"
"p-limit@2.3.0","npm","MIT","Copyright (c) Sindre Sorhus <sindresorhus@gmail.com> (sindresorhus.com)"
"p-limit@3.1.0","npm","MIT","Copyright (c) Sindre Sorhus <sindresorhus@gmail.com> (https://sindresorhus.com)"
"p-locate@4.1.0","npm","MIT","Copyright (c) Sindre Sorhus <sindresorhus@gmail.com> (sindresorhus.com)"
"p-try@2.2.0","npm","MIT","Copyright (c) Sindre Sorhus <sindresorhus@gmail.com> (sindresorhus.com)"
"pako@2.0.3","npm","(MIT AND Zlib)","Copyright (C) 2014-2017 by Vitaly Puzrin and Andrei Tuputcyn"
"parent-module@1.0.1","npm","MIT","Copyright (c) Sindre Sorhus <sindresorhus@gmail.com> (sindresorhus.com)"
"parse-json@4.0.0","npm","MIT","Copyright (c) Sindre Sorhus <sindresorhus@gmail.com> (sindresorhus.com)"
"parse5@6.0.1","npm","MIT","Copyright (c) 2013-2019 Ivan Nikulin (ifaaan@gmail.com, https://github.com/inikulin)"
"path-exists@4.0.0","npm","MIT","Copyright (c) Sindre Sorhus <sindresorhus@gmail.com> (sindresorhus.com)"
"path-is-absolute@1.0.1","npm","MIT","Copyright (c) Sindre Sorhus <sindresorhus@gmail.com> (sindresorhus.com)"
"path-key@2.0.1","npm","MIT","Copyright (c) Sindre Sorhus <sindresorhus@gmail.com> (sindresorhus.com)"
"path-key@3.1.1","npm","MIT","Copyright (c) Sindre Sorhus <sindresorhus@gmail.com> (sindresorhus.com)"
"path-parse@1.0.7","npm","MIT","Copyright (c) 2015 Javier Blanco"
"path-type@3.0.0","npm","MIT","Copyright (c) Sindre Sorhus <sindresorhus@gmail.com> (sindresorhus.com)"
"path-type@4.0.0","npm","MIT","Copyright (c) Sindre Sorhus <sindresorhus@gmail.com> (sindresorhus.com)"
"picomatch@2.3.0","npm","MIT","Copyright (c) 2017-present, Jon Schlinkert."
"pidtree@0.3.1","npm","MIT","Copyright (c) 2018 Simone Primarosa"
"pify@3.0.0","npm","MIT","Copyright (c) Sindre Sorhus <sindresorhus@gmail.com> (sindresorhus.com)"
"pirates@4.0.1","npm","MIT","Copyright (c) 2016-2018 Ari Porad"
"pkg-dir@4.2.0","npm","MIT","Copyright (c) Sindre Sorhus <sindresorhus@gmail.com> (sindresorhus.com)"
"prelude-ls@1.1.2","npm","MIT","Copyright (c) George Zahariev"
"prelude-ls@1.2.1","npm","MIT","Copyright (c) George Zahariev"
"prettier@2.2.1","npm","MIT","Copyright © James Long and contributors"
"pretty-format@26.6.2","npm","MIT","Copyright (c) Facebook, Inc. and its affiliates."
"pretty-format@27.0.6","npm","MIT","Copyright (c) Facebook, Inc. and its affiliates."
"process-nextick-args@2.0.1","npm","MIT",""
"progress@2.0.3","npm","MIT","Copyright (c) 2017 TJ Holowaychuk <tj@vision-media.ca>"
"prompts@2.4.1","npm","MIT","Copyright (c) 2018 Terkel Gjervig Nielsen"
"prr@1.0.1","npm","MIT","Copyright (c) 2014 Rod Vagg. ---------------------------"
"psl@1.8.0","npm","MIT","Copyright (c) 2017 Lupo Montero lupomontero@gmail.com"
"punycode@2.1.1","npm","MIT","Copyright Mathias Bynens <https://mathiasbynens.be/>"
"queue-microtask@1.2.3","npm","MIT","Copyright (c) Feross Aboukhadijeh"
"randombytes@2.1.0","npm","MIT","Copyright (c) 2017 crypto-browserify"
"react-dom@17.0.2","npm","MIT","Copyright (c) Facebook, Inc. and its affiliates."
"react-error-boundary@3.1.3","npm","MIT",""
"react-is@17.0.2","npm","MIT","Copyright (c) Facebook, Inc. and its affiliates."
"react-router-dom@5.2.0","npm","MIT","Copyright (c) React Training 2016-2018"
"react@17.0.2","npm","MIT","Copyright (c) Facebook, Inc. and its affiliates."
"read-pkg@3.0.0","npm","MIT","Copyright (c) Sindre Sorhus <sindresorhus@gmail.com> (sindresorhus.com)"
"readable-stream@2.3.7","npm","MIT",""
"rechoir@0.7.0","npm","MIT","Copyright (c) 2014-2019 Tyler Kellen <tyler@sleekcode.net>, Blaine Bublitz <blaine.bublitz@gmail.com>, and Eric Schoffstall <yo@contra.io>"
"regenerator-runtime@0.13.7","npm","MIT","Copyright (c) 2014-present, Facebook, Inc."
"regexpp@3.2.0","npm","MIT","Copyright (c) 2018 Toru Nagashima"
"require-directory@2.1.1","npm","MIT","Copyright (c) 2011 Troy Goode <troygoode@gmail.com>"
"require-from-string@2.0.2","npm","MIT","Copyright (c) Vsevolod Strukchinsky <floatdrop@gmail.com> (github.com/floatdrop)"
"resolve-cwd@3.0.0","npm","MIT","Copyright (c) Sindre Sorhus <sindresorhus@gmail.com> (sindresorhus.com)"
"resolve-from@4.0.0","npm","MIT","Copyright (c) Sindre Sorhus <sindresorhus@gmail.com> (sindresorhus.com)"
"resolve-from@5.0.0","npm","MIT","Copyright (c) Sindre Sorhus <sindresorhus@gmail.com> (sindresorhus.com)"
"resolve-pathname@3.0.0","npm","MIT","Copyright (c) Michael Jackson 2016-2018"
"resolve@1.20.0","npm","MIT","Copyright (c) 2012 James Halliday"
"reusify@1.0.4","npm","MIT","Copyright (c) 2015 Matteo Collina"
"rimraf@3.0.2","npm","ISC","Copyright (c) Isaac Z. Schlueter and Contributors"
"run-parallel@1.2.0","npm","MIT","Copyright (c) Feross Aboukhadijeh"
"safe-buffer@5.1.2","npm","MIT","Copyright (c) Feross Aboukhadijeh"
"safe-buffer@5.2.1","npm","MIT","Copyright (c) Feross Aboukhadijeh"
"safer-buffer@2.1.2","npm","MIT","Copyright (c) 2018 Nikita Skovoroda <chalkerx@gmail.com>"
"saxes@5.0.1","npm","ISC",""
"scheduler@0.20.2","npm","MIT","Copyright (c) Facebook, Inc. and its affiliates."
"schema-utils@3.1.0","npm","MIT","Copyright JS Foundation and other contributors"
"semver@5.7.1","npm","ISC","Copyright (c) Isaac Z. Schlueter and Contributors"
"semver@6.3.0","npm","ISC","Copyright (c) Isaac Z. Schlueter and Contributors"
"semver@7.3.5","npm","ISC","Copyright (c) Isaac Z. Schlueter and Contributors"
"serialize-javascript@6.0.0","npm","BSD-3-Clause","Copyright 2014 Yahoo! Inc.. All rights reserved."
"shallow-clone@3.0.1","npm","MIT","Copyright (c) 2015-present, Jon Schlinkert."
"shebang-command@1.2.0","npm","MIT","Copyright (c) Kevin Martensson <kevinmartensson@gmail.com> (github.com/kevva)"
"shebang-command@2.0.0","npm","MIT","Copyright (c) Kevin Mårtensson <kevinmartensson@gmail.com> (github.com/kevva)"
"shebang-regex@1.0.0","npm","MIT","Copyright (c) Sindre Sorhus <sindresorhus@gmail.com> (sindresorhus.com)"
"shebang-regex@3.0.0","npm","MIT","Copyright (c) Sindre Sorhus <sindresorhus@gmail.com> (sindresorhus.com)"
"shell-quote@1.7.2","npm","MIT","Copyright (c) 2013 James Halliday (mail@substack.net)"
"signal-exit@3.0.3","npm","ISC","Copyright (c) 2015, Contributors"
"sisteransi@1.0.5","npm","MIT","Copyright (c) 2018 Terkel Gjervig Nielsen"
"slash@3.0.0","npm","MIT","Copyright (c) Sindre Sorhus <sindresorhus@gmail.com> (sindresorhus.com)"
"slice-ansi@4.0.0","npm","MIT","Copyright (c) DC <threedeecee@gmail.com>. Copyright (c) Sindre Sorhus <sindresorhus@gmail.com> (https://sindresorhus.com)"
"source-list-map@2.0.1","npm","MIT","Copyright 2017 JS Foundation"
"source-map-support@0.5.19","npm","MIT","Copyright (c) 2014 Evan Wallace"
"source-map@0.5.7","npm","BSD-3-Clause",""
"source-map@0.6.1","npm","BSD-3-Clause",""
"source-map@0.7.3","npm","BSD-3-Clause",""
"spdx-correct@3.1.1","npm","Apache-2.0",""
"spdx-exceptions@2.3.0","npm","CC-BY-3.0",""
"spdx-expression-parse@3.0.1","npm","MIT","Copyright (c) 2015 Kyle E. Mitchell & other authors listed in AUTHORS"
"spdx-license-ids@3.0.9","npm","CC0-1.0",""
"sprintf-js@1.0.3","npm","BSD-3-Clause","Copyright (c) 2007-2014, Alexandru Marasteanu <hello [at) alexei (dot] ro>. All rights reserved."
"stack-utils@2.0.3","npm","MIT","Copyright (c) Isaac Z. Schlueter <i@izs.me>, James Talmage <james@talmage.io> (github.com/jamestalmage), and Contributors"
"string-length@4.0.2","npm","MIT","Copyright (c) Sindre Sorhus <sindresorhus@gmail.com> (https://sindresorhus.com)"
"string-width@4.2.2","npm","MIT","Copyright (c) Sindre Sorhus <sindresorhus@gmail.com> (sindresorhus.com)"
"string.prototype.padend@3.1.2","npm","MIT","Copyright (c) 2015 EcmaScript Shims"
"string.prototype.trimend@1.0.4","npm","MIT","Copyright (c) 2017 Khaled Al-Ansari"
"string.prototype.trimstart@1.0.4","npm","MIT","Copyright (c) 2017 Khaled Al-Ansari"
"string_decoder@1.1.1","npm","MIT",""
"strip-ansi@6.0.0","npm","MIT","Copyright (c) Sindre Sorhus <sindresorhus@gmail.com> (sindresorhus.com)"
"strip-bom@3.0.0","npm","MIT","Copyright (c) Sindre Sorhus <sindresorhus@gmail.com> (sindresorhus.com)"
"strip-bom@4.0.0","npm","MIT","Copyright (c) Sindre Sorhus <sindresorhus@gmail.com> (sindresorhus.com)"
"strip-final-newline@2.0.0","npm","MIT","Copyright (c) Sindre Sorhus <sindresorhus@gmail.com> (sindresorhus.com)"
"strip-json-comments@3.1.1","npm","MIT","Copyright (c) Sindre Sorhus <sindresorhus@gmail.com> (https://sindresorhus.com)"
"supports-color@5.5.0","npm","MIT","Copyright (c) Sindre Sorhus <sindresorhus@gmail.com> (sindresorhus.com)"
"supports-color@7.2.0","npm","MIT","Copyright (c) Sindre Sorhus <sindresorhus@gmail.com> (sindresorhus.com)"
"supports-color@8.1.1","npm","MIT","Copyright (c) Sindre Sorhus <sindresorhus@gmail.com> (https://sindresorhus.com)"
"supports-hyperlinks@2.2.0","npm","MIT","Copyright (c) James Talmage <james@talmage.io> (github.com/jamestalmage)"
"symbol-tree@3.2.4","npm","MIT","Copyright (c) 2015 Joris van der Wel"
"table@6.7.1","npm","BSD-3-Clause","Copyright (c) 2018, Gajus Kuizinas (http://gajus.com/). All rights reserved."
"tapable@1.1.3","npm","MIT","Copyright (c) Tobias Koppers @sokra"
"tapable@2.2.0","npm","MIT","Copyright JS Foundation and other contributors"
"terminal-link@2.1.1","npm","MIT","Copyright (c) Sindre Sorhus <sindresorhus@gmail.com> (sindresorhus.com)"
"terser-webpack-plugin@5.1.4","npm","MIT","Copyright JS Foundation and other contributors"
"terser@5.7.1","npm","BSD-2-Clause","Copyright 2012-2018 (c) Mihai Bazon <mihai.bazon@gmail.com>"
"test-exclude@6.0.0","npm","ISC","Copyright (c) 2016, Contributors"
"text-table@0.2.0","npm","MIT",""
"throat@6.0.1","npm","MIT","Copyright (c) 2013 Forbes Lindesay"
"tiny-invariant@1.1.0","npm","MIT","Copyright (c) 2019 Alexander Reardon"
"tiny-warning@1.0.3","npm","MIT","Copyright (c) 2019 Alexander Reardon"
"tmpl@1.0.4","npm","BSD-3-Clause","Copyright (c) 2014, Naitik Shah. All rights reserved."
"to-fast-properties@2.0.0","npm","MIT","Copyright (c) 2014 Petka Antonov.               2015 Sindre Sorhus"
"to-regex-range@5.0.1","npm","MIT","Copyright (c) 2015-present, Jon Schlinkert."
"tough-cookie@4.0.0","npm","BSD-3-Clause","Copyright (c) 2015, Salesforce.com, Inc.. All rights reserved."
"tr46@2.1.0","npm","MIT","Copyright (c) 2016 Sebastian Mayr"
"ts-jest@27.0.3","npm","MIT","Copyright (c) 2016-2018"
"ts-loader@8.0.18","npm","MIT","Copyright (c) 2015 TypeStrong"
"tsconfig-paths-webpack-plugin@3.5.1","npm","MIT","Copyright (c) 2016 Jonas Kello"
"tsconfig-paths@3.10.1","npm","MIT","Copyright (c) 2016 Jonas Kello"
"tslib@1.14.1","npm","0BSD","Copyright (c) Microsoft Corporation."
"tsutils@3.21.0","npm","MIT","Copyright (c) 2017 Klaus Meinhardt"
"type-check@0.3.2","npm","MIT","Copyright (c) George Zahariev"
"type-check@0.4.0","npm","MIT","Copyright (c) George Zahariev"
"type-detect@4.0.8","npm","MIT","Copyright (c) 2013 Jake Luer <jake@alogicalparadox.com> (http://alogicalparadox.com)"
"type-fest@0.21.3","npm","(MIT OR CC0-1.0)","Copyright (c) Sindre Sorhus <sindresorhus@gmail.com> (https:/sindresorhus.com)"
"type-fest@0.8.1","npm","(MIT OR CC0-1.0)","Copyright (c) Sindre Sorhus <sindresorhus@gmail.com> (sindresorhus.com)"
"typedarray-to-buffer@3.1.5","npm","MIT","Copyright (c) Feross Aboukhadijeh"
"typescript@4.1.5","npm","Apache-2.0",""
"unbox-primitive@1.0.1","npm","MIT","Copyright (c) 2019 Jordan Harband"
"universalify@0.1.2","npm","MIT","Copyright (c) 2017, Ryan Zimmerman <opensrc@ryanzim.com>"
"uri-js@4.4.1","npm","BSD-2-Clause","Copyright 2011 Gary Court. All rights reserved."
"util-deprecate@1.0.2","npm","MIT","Copyright (c) 2014 Nathan Rajlich <nathan@tootallnate.net>"
"v8-compile-cache@2.3.0","npm","MIT","Copyright (c) 2019 Andres Suarez"
"v8-to-istanbul@8.0.0","npm","ISC","Copyright (c) 2017, Contributors"
"validate-npm-package-license@3.0.4","npm","Apache-2.0",""
"value-equal@1.0.1","npm","MIT","Copyright (c) Michael Jackson 2016-2018"
"w3c-hr-time@1.0.2","npm","MIT","Copyright (c) 2017 Tiancheng "Timothy" Gu and other contributors"
"w3c-xmlserializer@2.0.0","npm","MIT","Copyright © 2016 Sebastian Mayr"
"walker@1.0.7","npm","Apache-2.0","Copyright 2013 Naitik Shah"
"watchpack@2.2.0","npm","MIT","Copyright JS Foundation and other contributors"
"webidl-conversions@5.0.0","npm","BSD-2-Clause","Copyright (c) 2014, Domenic Denicola. All rights reserved."
"webidl-conversions@6.1.0","npm","BSD-2-Clause","Copyright (c) 2014, Domenic Denicola. All rights reserved."
"webpack-cli@4.7.2","npm","MIT","Copyright JS Foundation and other contributors"
"webpack-merge@5.8.0","npm","MIT","Copyright (c) 2015 Juho Vepsalainen"
"webpack-sources@2.3.0","npm","MIT","Copyright (c) 2017 JS Foundation and other contributors"
"webpack@5.28.0","npm","MIT","Copyright JS Foundation and other contributors"
"whatwg-encoding@1.0.5","npm","MIT","Copyright © 2016–2018 Domenic Denicola <d@domenic.me>"
"whatwg-mimetype@2.3.0","npm","MIT","Copyright © 2017–2018 Domenic Denicola <d@domenic.me>"
"whatwg-url@8.7.0","npm","MIT","Copyright (c) 2015–2016 Sebastian Mayr"
"which-boxed-primitive@1.0.2","npm","MIT","Copyright (c) 2019 Jordan Harband"
"which@1.3.1","npm","ISC","Copyright (c) Isaac Z. Schlueter and Contributors"
"which@2.0.2","npm","ISC","Copyright (c) Isaac Z. Schlueter and Contributors"
"wildcard@2.0.0","npm","MIT","Copyright (c) 2017 Damon Oehlman <damon.oehlman@gmail.com>"
"word-wrap@1.2.3","npm","MIT","Copyright (c) 2014-2017, Jon Schlinkert"
"wrap-ansi@7.0.0","npm","MIT","Copyright (c) Sindre Sorhus <sindresorhus@gmail.com> (https://sindresorhus.com)"
"wrappy@1.0.2","npm","ISC","Copyright (c) Isaac Z. Schlueter and Contributors"
"write-file-atomic@3.0.3","npm","ISC","Copyright (c) 2015, Rebecca Turner"
"ws@7.5.3","npm","MIT","Copyright (c) 2011 Einar Otto Stangvik <einaros@gmail.com>"
"xml-name-validator@3.0.0","npm","Apache-2.0",""
"xmlchars@2.2.0","npm","MIT","Copyright Louis-Dominique Dubeau and contributors to xmlchars"
"y18n@5.0.8","npm","ISC","Copyright (c) 2015, Contributors"
"yallist@4.0.0","npm","ISC","Copyright (c) Isaac Z. Schlueter and Contributors"
"yargs-parser@20.2.9","npm","ISC","Copyright (c) 2016, Contributors"
"yargs@16.2.0","npm","MIT","Copyright 2010 James Halliday (mail@substack.net); Modified work Copyright 2014 Contributors (ben@npmjs.com)"
"yocto-queue@0.1.0","npm","MIT","Copyright (c) Sindre Sorhus <sindresorhus@gmail.com> (https://sindresorhus.com)"